,0,1
0,1,"Commit(sha=""ca68eff8d4e532408967ffcf0accd2b4c5b963b8"")"
1,2,"Commit(sha=""8ee1b2e91135a1bf8e434192e9916b9fbcb4fd4e"")"
2,3,"Commit(sha=""f5287e6eb25a8791d028a7ea7f6204c987a96d9a"")"
3,4,"Commit(sha=""11c210fd82d9c8d081b812be45dfafa12bfe8e09"")"
4,5,"Commit(sha=""e58ff8a22c518592ec74fe58154ecd717fdba008"")"
5,6,"Commit(sha=""b5bdf08833bdaed3527ccfbf534df73c61366330"")"
6,7,"Commit(sha=""b2202e5b9814bafb76d356dc78cd1b0c93d66fe8"")"
7,8,"Commit(sha=""c206ca5c428bbe3460a7d5577c2cf0b6218635e9"")"
8,9,"Commit(sha=""882ff910e1e7931bfde7b1b40817fa50f446e514"")"
9,10,"Commit(sha=""715131896ee9f52b1fbc0e17f637414c688e0118"")"
10,11,"Commit(sha=""f57c5463137c66c657ca06064a549e5d64d05310"")"
11,12,"Commit(sha=""e17d6692ef30011a7ec4d008cdcdec8c37acceae"")"
12,13,"Commit(sha=""76367beb0eb001856bac0685c1c5b0f33377f60b"")"
13,14,"Commit(sha=""4665cd9b093410c05b21eaf9b759d5aa37e3d2bb"")"
14,15,"Commit(sha=""31c4b4023afa459451713bbe6e2f12f8ea8d30ab"")"
15,16,"Commit(sha=""a8f9eb5748bb0f85a45e401e00a8465f7b42393f"")"
16,17,"Commit(sha=""95729350514282044191ed0d54f6288cb864fe53"")"
17,18,"Commit(sha=""447bbbe2b0a9162798e0c96c872593427fcd7e8d"")"
18,19,"Commit(sha=""7ae451ef634d25897337bb05c8982c33671b4f69"")"
19,20,"Commit(sha=""716737f41d6f952ecf80564d212754ea65b61032"")"
20,21,"Commit(sha=""89a7da8d0c4e07734abdf5eb98b8020914f73c49"")"
21,22,"Commit(sha=""1c7e3723471b83577e9f2bc9f1a40baa9a345448"")"
22,23,"Commit(sha=""719af78e8d2063f48e8ef3b08d4bb3fc38907942"")"
23,24,"Commit(sha=""75b920b6a6b66992e34f0c46f7a80384c5564d66"")"
24,25,"Commit(sha=""20fe5b06158c10fe77f5be47fa85709cd457a252"")"
25,26,"Commit(sha=""11b2828213145e812e73627c362731164be2e0c5"")"
26,27,"Commit(sha=""f5a194aa88f587a4a6ba56e264224f0f9d94c6dd"")"
27,28,"Commit(sha=""4e7794546c335b6cefcbfb4e917a2b4fb8069cf9"")"
28,29,"Commit(sha=""43361f527e65b7334e094cf2c38372cf03b0f54a"")"
29,30,"Commit(sha=""90c05fc37298bfb35443f682132c5940d67ca207"")"
30,31,"Commit(sha=""1a8aba383b5ee90feeda8b36bfdb28f1be4ef660"")"
31,32,"Commit(sha=""31d026f1165348cb219d7273a95ba73661576ee7"")"
32,33,"Commit(sha=""1288077ef0332c25bdc423f0df993ed9947d3733"")"
33,34,"Commit(sha=""4ad5c105f32318ee0145eaa4648c7bdf58ee5683"")"
34,35,"Commit(sha=""efd7624b987ce4a2968a443fc972a8f5496fda5c"")"
35,36,"Commit(sha=""3d853448e40ed54310b2c05ac688bdfdcbc26735"")"
36,37,"Commit(sha=""12e0042f8a2c447ea140538bf5407aa39de3bea1"")"
37,38,"Commit(sha=""7d048dcf61e42a8fd0355c36306bf16da2a8019f"")"
38,39,"Commit(sha=""e6d7ff78905947bdf48a130cdc64cade03c117da"")"
39,40,"Commit(sha=""b1154217147c8417b84273f17d461c141eadd2b7"")"
40,41,"Commit(sha=""30541a8c26478ea81056f9538be7b2ffd7c11329"")"
41,42,"Commit(sha=""b6e8d0b30ba45b3847f7e894b770a190a5456f88"")"
42,43,"Commit(sha=""b48e89b5905375dfc602fac252853fcf73b3ea7b"")"
43,44,"Commit(sha=""2dfba66ab677c5ed7d44321a435a4299ca257614"")"
44,45,"Commit(sha=""539e5544aca36fafea58e95583a23d833406e52f"")"
45,46,"Commit(sha=""53b10ef450889cdb7cb44495f871e7b0a2a20583"")"
46,47,"Commit(sha=""8b987c9df67a3055d1cdbbc3a3cccab80323f4ce"")"
47,48,"Commit(sha=""8ae460f3ce48225223dbc33a87d8e83776dac59e"")"
48,49,"Commit(sha=""6ac500c78f9cb7f1fe49703d5699667396afdb15"")"
49,50,"Commit(sha=""6840ec4c41beff70469319a7c9320109321a8338"")"
50,51,"Commit(sha=""a69f2c2ad1ac29ce24c5e63359afd9adca4a3f41"")"
51,52,"Commit(sha=""eeb009a96c1102e2ac5ed195a0d0cc41167710b5"")"
52,53,"Commit(sha=""2b840058a43a2556746c5c445d9beafb8129613f"")"
53,54,"Commit(sha=""7f3f7d3b108da47719933b2bab91f2191602fb47"")"
54,55,"Commit(sha=""7c3f176377f0497aab0d761adb5eaa09c1bf529a"")"
55,56,"Commit(sha=""fd2404a559916168da630f3dcf96cbeee2e21ff2"")"
56,57,"Commit(sha=""2795e14cdb02d97a49fbe826d8d5570ffaeed4c3"")"
57,58,"Commit(sha=""404ea0d25554adcef00e27ff5a17a79f7be3c9ae"")"
58,59,"Commit(sha=""812e71b2f24e201403c8abe01c9f7193dc3d5047"")"
59,60,"Commit(sha=""faa53b69a80e23d07e7ca51b791d3c0b3f04a29b"")"
60,61,"Commit(sha=""90c335a2ecc3d9009dd6dac84f72b6ff431b368b"")"
61,62,"Commit(sha=""963943cc2f9ec1e548b1e4adf1f4318d17af9d3c"")"
62,63,"Commit(sha=""26ddb411e62b061dec06879e7fe411c819db6e24"")"
63,64,"Commit(sha=""ace24d48c286369fde8294acb141ae6d786f3aae"")"
64,65,"Commit(sha=""3cb52f94e809cdd78484c9bfcce1ae75c97ac4ef"")"
65,66,"Commit(sha=""16fb37fdf57a70a9a29260b7a47b206ccb9cc3cb"")"
66,67,"Commit(sha=""9bc1c306b5e3eea04a046125406cec49e2863392"")"
67,68,"Commit(sha=""b72567c8a7a2d24aac4a0300d2d13a0a7cdfee07"")"
68,69,"Commit(sha=""f74aab83472ad215072dcc8a4224e689395389c6"")"
69,70,"Commit(sha=""c9ca750fa397d5cf0495f52104e4c7accc9c4bfc"")"
70,71,"Commit(sha=""20a7ca74780052d2267d897fe93871d773e6e4f6"")"
71,72,"Commit(sha=""f7474cbd6f7c618b854e700997ec4b3a3d8e8727"")"
72,73,"Commit(sha=""8b9b3b832a525dbee33c16908dba45bf838421f3"")"
73,74,"Commit(sha=""78a4557d94aed420a81ce04ae50a4e0ebf5781e2"")"
74,75,"Commit(sha=""5ffa0cea36e3641711b91c71580c1227c0092d71"")"
75,76,"Commit(sha=""14cc560b74d936244a9f4e900af7ee10e0165ed0"")"
76,77,"Commit(sha=""4ef6999c0fbed802f013ed81928da068ec6c16d3"")"
77,78,"Commit(sha=""027794b7bd74c4ebc511f6ee6712233030837209"")"
78,79,"Commit(sha=""7f43f45580e4cccb6b870e57076cc8793680767a"")"
79,80,"Commit(sha=""07fb22c3c1e9fc2610cc0c66b5b1686b7c4a9986"")"
80,81,"Commit(sha=""2f96aa67e916f422bd895bc6d25aaa6de0d3fc5a"")"
81,82,"Commit(sha=""5838e5ea00e9a0cc4ed36ebcd515709973dc6701"")"
82,83,"Commit(sha=""7527578673913eb90a9b8a6ed16012cf3127efc9"")"
83,84,"Commit(sha=""42f6df958bc3a9fa318788e049b7a787f9231daf"")"
84,85,"Commit(sha=""ebcc9a2e0153451d1c219aac22058a7d20bbef12"")"
85,86,"Commit(sha=""bc99b4943dfe1070940ed837b7f82f215c47de77"")"
86,87,"Commit(sha=""f033bb6036eb95dacd5a64c8b81b92cb065e4092"")"
87,88,"Commit(sha=""a9918830c526bc1e2a5ebbcc7ed3ff084ed9b73e"")"
88,89,"Commit(sha=""99eafa7d8519855a5549c42b3a33d0eb6a40b25f"")"
89,90,"Commit(sha=""a16d535762e104cb568fe75b56290047ca45eb3a"")"
90,91,"Commit(sha=""3024fecc51c3dd1168b1f2953b4a0831eee673e8"")"
91,92,"Commit(sha=""cac4c407ed9e0ac3b17f075c3e5a4b0381b02442"")"
92,93,"Commit(sha=""e6b6afc1b1bc091eaa7509be07aa0bf1219da87c"")"
93,94,"Commit(sha=""7e6f8d3c8734cd18277e81d01578d4a6772073c8"")"
94,95,"Commit(sha=""6a8a96bba70f43267250c8ba5c15783f68e9d46b"")"
95,96,"Commit(sha=""490b48c435e6a06766df5189b75eb246bd79af74"")"
96,97,"Commit(sha=""f21d9e825f7437eae2b2bf9c1b2ed876ea2b2549"")"
97,98,"Commit(sha=""990da9db1bd7b0116ae5c76caa73d439e647e932"")"
98,99,"Commit(sha=""c9f404878b610581df48165bc8c7ae65cbc6baac"")"
99,100,"Commit(sha=""2a502f72730563339e208d5014362dc26d374019"")"
100,101,"Commit(sha=""0e5bb3f55412c99dfec3b5fbbf6c67f50d85045e"")"
101,102,"Commit(sha=""63fc2f7bb827b5100d15c1c3622f53e720d6d1d0"")"
102,103,"Commit(sha=""ae7543e0560c0240ee948a85d16113885c37a00c"")"
103,104,"Commit(sha=""185fc3f66f384511b3fbe629e102f45d787c7d75"")"
104,105,"Commit(sha=""ffec98e5b6b5dc9f5cfe2e891502b4c6671439df"")"
105,106,"Commit(sha=""760a28cf1748807e61715fc79aee2179c195426c"")"
106,107,"Commit(sha=""867adfff40b2450896f3724bd8627d8b2fbfe622"")"
107,108,"Commit(sha=""56c90003821c841e089884de13f931d947a78125"")"
108,109,"Commit(sha=""b03581dbf12e5d07b2cb7de7f234b062462df597"")"
109,110,"Commit(sha=""70dda8f151578218574c9d9984be0b656ec164c4"")"
110,111,"Commit(sha=""348d8c1489fb13d1b9e384a4a9a8f37ed5770fa2"")"
111,112,"Commit(sha=""d9e41eb0fac71146496937918d5d4170d751d551"")"
112,113,"Commit(sha=""d4c091cf071c1e6cc384e2a60d678676ecc3e513"")"
113,114,"Commit(sha=""629aa74276cd5bce524568d5e03bc5d8ecb5db99"")"
114,115,"Commit(sha=""dc4e70dbee5c2dfa61ed75050f71fcdcb972d374"")"
115,116,"Commit(sha=""a30fd04f96e8c62492d0b68511e485f52d1055a8"")"
116,117,"Commit(sha=""37bea9b647d9f2978c9bc59455dc15725d38fd99"")"
117,118,"Commit(sha=""33042074aef941fdd8fddeba6f3f1cb983f409c3"")"
118,119,"Commit(sha=""48ccf738d823ae3f59e50b88aab9151b050df726"")"
119,120,"Commit(sha=""2331dc3168140965156353b5a53ab3313491fbe5"")"
120,121,"Commit(sha=""3299f266607ff04f86517310ed42e67c541ea660"")"
121,122,"Commit(sha=""923cf44f4a98543e52cae9f2e93f73f7748e262a"")"
122,123,"Commit(sha=""eeadf83138f21c8d27e4f7adb4c3d3786a5e375f"")"
123,124,"Commit(sha=""c1e376a93f508b07f915cc8f97bd1f14d5e54180"")"
124,125,"Commit(sha=""5c91902499f18c1b025a58ef5437e03c265ee70e"")"
125,126,"Commit(sha=""79a505598f51b8e747f0393e52c7f5e2ed5b2001"")"
126,127,"Commit(sha=""93727f93cc44af1290c035ef2dbe668fa90c3e33"")"
127,128,"Commit(sha=""9bb2cd2da6e466349d39ae3292f54ae89e32f954"")"
128,129,"Commit(sha=""474d73312ffe10fda75dcf8e900a250db425a0d0"")"
129,130,"Commit(sha=""4c248155a524533dfa51dd9fea920d535b630d9a"")"
130,131,"Commit(sha=""4ab53fa4a27eacdfcd5ce027155a06d1db2ec9fa"")"
131,132,"Commit(sha=""cc95d30d6275b2fc0872642236822bb804eb9b10"")"
132,133,"Commit(sha=""8b2da395df8b6897431f4ae31ae3f4b02c9e8616"")"
133,134,"Commit(sha=""8ab10fb49b5a98f0342391a5bcbfb16934708d2e"")"
134,135,"Commit(sha=""631e42c1726660e3e05dc3fbd8f91b76c3b69f4d"")"
135,136,"Commit(sha=""cac072b4d06035f9a6bfb54b91395fd203cd0466"")"
136,137,"Commit(sha=""e675ed926d93e21c7940da28def48f9afd5e309d"")"
137,138,"Commit(sha=""826b137c17a6025b285af6f856001d4f08763cbd"")"
138,139,"Commit(sha=""dc3e5ecec7fe3977c70cd51a91915bb22bbe3462"")"
139,140,"Commit(sha=""e135e9fa8013441cccdbf380975b0ae8f84c0eaf"")"
140,141,"Commit(sha=""82212338de8992e4b96474aa1fdab8be65c5d376"")"
141,142,"Commit(sha=""3d09440b87d41d939db891e2d6291e7bc822971e"")"
142,143,"Commit(sha=""796049fc6a9df90b4e75a83948d70e1d13cc275d"")"
143,144,"Commit(sha=""ff49b57f527a4bc78b5a207940cf593ce754a370"")"
144,145,"Commit(sha=""204049e6e5f923e457753ed3a7d3b640e286486a"")"
145,146,"Commit(sha=""e6fcb3ce8560857fda9a26edae8f704e1d6bc758"")"
146,147,"Commit(sha=""423e88b627b1a361e1d97bdbc986b3869eadff9d"")"
147,148,"Commit(sha=""af04f3c2bdff586720b3819e5775fea2006f2667"")"
148,149,"Commit(sha=""4772c5d4ea4e6867de93f8f0295a04bb124aa5d7"")"
149,150,"Commit(sha=""a799615c119404b7dcb79544067b2fb99a549162"")"
150,151,"Commit(sha=""156b0b56c496b7f57c7eeb8804434fe334308fb3"")"
151,152,"Commit(sha=""68ac4d375a7d30315fe783bb2e0870056fa75f21"")"
152,153,"Commit(sha=""9125f19940250f23b9825236ccef455aeb4eafb8"")"
153,154,"Commit(sha=""1dd15e8f722eeb99e597edae811ac78853f407bd"")"
154,155,"Commit(sha=""eae3ac7834206230bb157925122d4baa44a9015f"")"
155,156,"Commit(sha=""8c3bb5623582cbc2effdbf8473ee1077e2db9df3"")"
156,157,"Commit(sha=""86fc17b1705cfbffa25bfaec8ea96b77db5a40eb"")"
157,158,"Commit(sha=""4b00ada14f7a6a1e8a2c97ff34282c03ab3ec907"")"
158,159,"Commit(sha=""0b404caa0ef66194e21904f06020ac65c4a8fe6c"")"
159,160,"Commit(sha=""3a01432723e562b3acec06d8568e0fc3b59cb495"")"
160,161,"Commit(sha=""b73b3bb7563491ef0b8b849e590c128527061389"")"
161,162,"Commit(sha=""c6ad3ed172e78c34ea3246eeb51af18f3d0a031d"")"
162,163,"Commit(sha=""4a09ae455414afdba36c27dbe962f4798a18742f"")"
163,164,"Commit(sha=""8f6a15414f88fdfb7e1e275d7453800dd234b0dd"")"
164,165,"Commit(sha=""44f66720003862cb8f49bd998f8fe81bad4ec6c1"")"
165,166,"Commit(sha=""250177e5d921bab13d9847f1f9c13c517097dd99"")"
166,167,"Commit(sha=""bb22d66e039659600cc6f49cfa5103ba361ae8d0"")"
167,168,"Commit(sha=""22bb73dc5ee6d78c79c0c2f107c0d54dd4f5c573"")"
168,169,"Commit(sha=""e31e4de554ad561431e0704c393cdcc80144e360"")"
169,170,"Commit(sha=""b54d4533c65b5871d91bb44b38cd3e4272f0570d"")"
170,171,"Commit(sha=""174f3e80e31a89e3ecb532027e9dc664fb2f8d07"")"
171,172,"Commit(sha=""b7b99a84d22c692c02ac7ae71326e51177a6e31c"")"
172,173,"Commit(sha=""b1484637b3852c19b84c3ad06ce027356a8286d8"")"
173,174,"Commit(sha=""a583a068326f8dd602852fa1807b8cc59fb2c107"")"
174,175,"Commit(sha=""d10aba29f37f4ef44be2a2515ee8533d0da8f83d"")"
